IDX,REG_ADDR,PARAM_NUM,PARAM_NAME,MULTIPLIER,NUM_BASE,UNITS,DEF_21520_ND,DEF_21520_HD,DEF_21521_ND,DEF_21521_HD,DEF_21522_ND,DEF_21522_HD,DEF_21523_ND,DEF_21523_HD,DEF_21524_ND,DEF_21524_HD,DEF_21525_ND,DEF_21525_HD,DEF_21540_ND,DEF_21540_HD,DEF_21541_ND,DEF_21541_HD,DEF_21573_ND,DEF_21573_HD
1,256,A1-00,LANGUAGE SELECTION,1,10,,0,0,0,0,0,0,0,0,0,0,0,0,0,0,0,0,0,0
2,257,A1-01,ACCESS LEVEL,1,10,,2,2,2,2,2,2,2,2,2,2,2,2,2,2,2,2,2,2
3,258,A1-02,CONTROL METHOD,1,10,,0,0,0,0,0,0,0,0,0,0,0,0,0,0,0,0,0,0
4,259,A1-03,INITIALIZE PARAMETERS,1,10,,0,0,0,0,0,0,0,0,0,0,0,0,0,0,0,0,0,0
5,260,A1-04,ENTER PASSWORD,1,10,,0,0,0,0,0,0,0,0,0,0,0,0,0,0,0,0,0,0
6,261,A1-05,SELECT PASSWORD,1,10,,0,0,0,0,0,0,0,0,0,0,0,0,0,0,0,0,0,0
7,295,A1-06,SELECT APPLICATION,1,10,,0,0,0,0,0,0,0,0,0,0,0,0,0,0,0,0,0,0
8,296,A1-07,DWEZ FUNCTION SELECTION,1,10,,1,1,1,1,1,1,1,1,1,1,1,1,1,1,1,1,1,1
9,262,A2-01,USER PARAMETER 1,1,16,,258,258,258,258,258,258,258,258,258,258,258,258,258,258,258,258,258,258
10,263,A2-02,USER PARAMETER 2,1,16,,384,384,384,384,384,384,384,384,384,384,384,384,384,384,384,384,384,384
11,264,A2-03,USER PARAMETER 3,1,16,,385,385,385,385,385,385,385,385,385,385,385,385,385,385,385,385,385,385
12,265,A2-04,USER PARAMETER 4,1,16,,386,386,386,386,386,386,386,386,386,386,386,386,386,386,386,386,386,386
13,266,A2-05,USER PARAMETER 5,1,16,,512,512,512,512,512,512,512,512,512,512,512,512,512,512,512,512,512,512
14,267,A2-06,USER PARAMETER 6,1,16,,513,513,513,513,513,513,513,513,513,513,513,513,513,513,513,513,513,513
15,268,A2-07,USER PARAMETER 7,1,16,,547,547,547,547,547,547,547,547,547,547,547,547,547,547,547,547,547,547
16,269,A2-08,USER PARAMETER 8,1,16,,548,548,548,548,548,548,548,548,548,548,548,548,548,548,548,548,548,548
17,270,A2-09,USER PARAMETER 9,1,16,,640,640,640,640,640,640,640,640,640,640,640,640,640,640,640,640,640,640
18,271,A2-10,USER PARAMETER 10,1,16,,641,641,641,641,641,641,641,641,641,641,641,641,641,641,641,641,641,641
19,272,A2-11,USER PARAMETER 11,1,16,,642,642,642,642,642,642,642,642,642,642,642,642,642,642,642,642,642,642
20,273,A2-12,USER PARAMETER 12,1,16,,643,643,643,643,643,643,643,643,643,643,643,643,643,643,643,643,643,643
21,274,A2-13,USER PARAMETER 13,1,16,,658,658,658,658,658,658,658,658,658,658,658,658,658,658,658,658,658,658
22,275,A2-14,USER PARAMETER 14,1,16,,768,768,768,768,768,768,768,768,768,768,768,768,768,768,768,768,768,768
23,276,A2-15,USER PARAMETER 15,1,16,,770,770,770,770,770,770,770,770,770,770,770,770,770,770,770,770,770,770
24,277,A2-16,USER PARAMETER 16,1,16,,771,771,771,771,771,771,771,771,771,771,771,771,771,771,771,771,771,771
25,278,A2-17,USER PARAMETER 17,1,16,,772,772,772,772,772,772,772,772,772,772,772,772,772,772,772,772,772,772
26,279,A2-18,USER PARAMETER 18,1,16,,773,773,773,773,773,773,773,773,773,773,773,773,773,773,773,773,773,773
27,280,A2-19,USER PARAMETER 19,1,16,,776,776,776,776,776,776,776,776,776,776,776,776,776,776,776,776,776,776
28,281,A2-20,USER PARAMETER 20,1,16,,780,780,780,780,780,780,780,780,780,780,780,780,780,780,780,780,780,780
29,282,A2-21,USER PARAMETER 21,1,16,,782,782,782,782,782,782,782,782,782,782,782,782,782,782,782,782,782,782
30,283,A2-22,USER PARAMETER 22,1,16,,785,785,785,785,785,785,785,785,785,785,785,785,785,785,785,785,785,785
31,284,A2-23,USER PARAMETER 23,1,16,,792,792,792,792,792,792,792,792,792,792,792,792,792,792,792,792,792,792
32,285,A2-24,USER PARAMETER 24,1,16,,1054,1054,1054,1054,1054,1054,1054,1054,1054,1054,1054,1054,1054,1054,1054,1054,1054,1054
33,286,A2-25,USER PARAMETER 25,1,16,,1152,1152,1152,1152,1152,1152,1152,1152,1152,1152,1152,1152,1152,1152,1152,1152,1152,1152
34,287,A2-26,USER PARAMETER 26,1,16,,1170,1170,1170,1170,1170,1170,1170,1170,1170,1170,1170,1170,1170,1170,1170,1170,1170,1170
35,288,A2-27,USER PARAMETER 27,1,16,,0,0,0,0,0,0,0,0,0,0,0,0,0,0,0,0,0,0
36,289,A2-28,USER PARAMETER 28,1,16,,0,0,0,0,0,0,0,0,0,0,0,0,0,0,0,0,0,0
37,290,A2-29,USER PARAMETER 29,1,16,,0,0,0,0,0,0,0,0,0,0,0,0,0,0,0,0,0,0
38,291,A2-30,USER PARAMETER 30,1,16,,0,0,0,0,0,0,0,0,0,0,0,0,0,0,0,0,0,0
39,292,A2-31,USER PARAMETER 31,1,16,,0,0,0,0,0,0,0,0,0,0,0,0,0,0,0,0,0,0
40,293,A2-32,USER PARAMETER 32,1,16,,0,0,0,0,0,0,0,0,0,0,0,0,0,0,0,0,0,0
41,294,A2-33,"USER PARAMETER AUTOMATIC REGISTRATION
FUNCTION",1,10,,0,0,0,0,0,0,0,0,0,0,0,0,0,0,0,0,0,0
42,384,B1-01,REFERENCE SELECTION,1,10,,1,1,1,1,1,1,1,1,1,1,1,1,1,1,1,1,1,1
43,385,B1-02,OPERATION METHOD SELECTION,1,10,,1,1,1,1,1,1,1,1,1,1,1,1,1,1,1,1,1,1
44,386,B1-03,STOPPING METHOD,1,10,,0,0,0,0,0,0,0,0,0,0,0,0,0,0,0,0,0,0
45,387,B1-04,REVERSE OPERATION,1,10,,0,0,0,0,0,0,0,0,0,0,0,0,0,0,0,0,0,0
46,390,B1-07,LOCAL/REMOTE RUN SELECTION,1,10,,0,0,0,0,0,0,0,0,0,0,0,0,0,0,0,0,0,0
47,391,B1-08,RUN COMMAND AT PROGRAMMING,1,10,,0,0,0,0,0,0,0,0,0,0,0,0,0,0,0,0,0,0
48,451,B1-14,PHASE TURN SELECTION,1,10,,0,0,0,0,0,0,0,0,0,0,0,0,0,0,0,0,0,0
49,452,B1-15,REFERENCE SELECTION IN LOCAL CASE,1,10,,0,0,0,0,0,0,0,0,0,0,0,0,0,0,0,0,0,0
50,453,B1-16,OPERATION METHOD SELECTION IN LOCAL CASE,1,10,,0,0,0,0,0,0,0,0,0,0,0,0,0,0,0,0,0,0
51,454,B1-17,OPERATION PERMISSION WITH  POWER ON/OFF,1,10,,0,0,0,0,0,0,0,0,0,0,0,0,0,0,0,0,0,0
52,393,B2-01,DC INJECTION START FREQUENCY,10,10,Hz,5,5,5,5,5,5,5,5,5,5,5,5,5,5,5,5,5,5
53,394,B2-02,DC INJECTION CURRENT,1,10,%,50,50,50,50,50,50,50,50,50,50,50,50,50,50,50,50,50,50
54,395,B2-03,DC INJECTION TIME AT START,100,10,s,0,0,0,0,0,0,0,0,0,0,0,0,0,0,0,0,0,0
55,396,B2-04,DC INJECTION TIME AT STOP,100,10,s,50,50,50,50,50,50,50,50,50,50,50,50,50,50,50,50,50,50
56,400,B2-08,MAGNETIC FLUX COMPENSATION VALUE,1,10,%,0,0,0,0,0,0,0,0,0,0,0,0,0,0,0,0,0,0
57,442,B2-12,SHORT CIRCUIT BRAKE TIME AT START,100,10,s,0,0,0,0,0,0,0,0,0,0,0,0,0,0,0,0,0,0
58,443,B2-13,SHORT CIRCUIT BRAKE TIME AT STOP,100,10,s,50,50,50,50,50,50,50,50,50,50,50,50,50,50,50,50,50,50
59,401,B3-01,SPEED SEARCH AT START,1,10,,0,0,0,0,0,0,0,0,0,0,0,0,0,0,0,0,0,0
60,402,B3-02,SPEED SEARCH CURRENT,1,10,,120,120,120,120,120,120,120,120,120,120,120,120,120,120,120,120,120,120
61,403,B3-03,SPEED SEARCH DECELERATION TIME,10,10,s,20,20,20,20,20,20,20,20,20,20,20,20,20,20,20,20,20,20
62,405,B3-05,SEARCH WAIT TIME,10,10,s,2,2,2,2,2,2,2,2,2,2,2,2,2,2,2,2,2,2
63,406,B3-06,OUTPUT CURRENT,10,10,,5,5,5,5,5,5,5,5,5,5,5,5,5,5,5,5,10,10
64,408,B3-08,ACR GAIN FOR SPEED SEARCH,100,10,,50,50,50,50,50,50,50,50,50,50,50,50,50,50,50,50,50,50
65,410,B3-10,SPEED SEARCH DETECTION COMPENSATION GAIN,100,10,,105,105,105,105,105,105,105,105,105,105,105,105,105,105,105,105,105,105
66,414,B3-14,BIDIRECTIONAL SEARCH SELECTION,1,10,,0,0,0,0,0,0,0,0,0,0,0,0,0,0,0,0,0,0
67,496,B3-17,RETRY CURRENT LEVEL,1,10,%,150,150,150,150,150,150,150,150,150,150,150,150,150,150,150,150,150,150
68,497,B3-18,RETRY DETECTION TIME,100,10,s,10,10,10,10,10,10,10,10,10,10,10,10,10,10,10,10,10,10
69,498,B3-19,RETRY COUNT,1,10,,3,3,3,3,3,3,3,3,3,3,3,3,3,3,3,3,3,3
70,448,B3-24,SPEED SEARCH METHOD SELECTION,1,10,,0,0,0,0,0,0,0,0,0,0,0,0,0,0,0,0,0,0
71,456,B3-25,SPEED SEARCH RETRY INTERVAL TIME,10,10,s,5,5,5,5,5,5,5,5,5,5,5,5,5,5,5,5,5,5
72,1916,B3-29,SPEED SEARCH INDUCED VOLTAGE LEVEL,1,10,%,10,10,10,10,10,10,10,10,10,10,10,10,10,10,10,10,0,0
73,419,B4-01,DELAY-ON TIMER,10,10,s,0,0,0,0,0,0,0,0,0,0,0,0,0,0,0,0,0,0
74,420,B4-02,DELAY-OFF TIMER,10,10,s,0,0,0,0,0,0,0,0,0,0,0,0,0,0,0,0,0,0
75,421,B5-01,PID CONTROL MODE SELECTION,1,10,,0,0,0,0,0,0,0,0,0,0,0,0,0,0,0,0,0,0
76,422,B5-02,PID P GAIN,100,10,,100,100,100,100,100,100,100,100,100,100,100,100,100,100,100,100,100,100
77,423,B5-03,PID I TIME,10,10,s,10,10,10,10,10,10,10,10,10,10,10,10,10,10,10,10,10,10
78,424,B5-04,PID I LIMIT,10,10,%,1000,1000,1000,1000,1000,1000,1000,1000,1000,1000,1000,1000,1000,1000,1000,1000,1000,1000
79,425,B5-05,PID D TIME,100,10,s,0,0,0,0,0,0,0,0,0,0,0,0,0,0,0,0,0,0
80,426,B5-06,PID LIMIT,10,10,%,1000,1000,1000,1000,1000,1000,1000,1000,1000,1000,1000,1000,1000,1000,1000,1000,1000,1000
81,427,B5-07,PID OFFSET ADJUSTMENT,10,10,%,0,0,0,0,0,0,0,0,0,0,0,0,0,0,0,0,0,0
82,428,B5-08,PID PRIMARY DELAY TIME CONSTANT,100,10,s,0,0,0,0,0,0,0,0,0,0,0,0,0,0,0,0,0,0
83,429,B5-09,OUTPUT LEVEL SELECTION,1,10,,0,0,0,0,0,0,0,0,0,0,0,0,0,0,0,0,0,0
84,430,B5-10,PID OUTPUT GAIN,100,10,,100,100,100,100,100,100,100,100,100,100,100,100,100,100,100,100,100,100
85,431,B5-11,PID OUTPUT REVERSE SELECTION,1,10,,0,0,0,0,0,0,0,0,0,0,0,0,0,0,0,0,0,0
86,432,B5-12,FEED BACK LOSS DETECTION SELECTION,1,10,,0,0,0,0,0,0,0,0,0,0,0,0,0,0,0,0,0,0
87,433,B5-13,FEED BACK LOSS DETECTION LEVEL,1,10,%,0,0,0,0,0,0,0,0,0,0,0,0,0,0,0,0,0,0
88,434,B5-14,FEED BACK LOSS DETECTION TIME,10,10,s,10,10,10,10,10,10,10,10,10,10,10,10,10,10,10,10,10,10
89,435,B5-15,PID SLEEP FUNCTION START LEVEL,10,10,Hz,0,0,0,0,0,0,0,0,0,0,0,0,0,0,0,0,0,0
90,436,B5-16,PID SLEEP DELAY TIME,10,10,s,0,0,0,0,0,0,0,0,0,0,0,0,0,0,0,0,0,0
91,437,B5-17,PID ACCEL/DECEL TIME,1,10,s,0,0,0,0,0,0,0,0,0,0,0,0,0,0,0,0,0,0
92,476,B5-18,PID SETPOINT SELECTION,1,10,,0,0,0,0,0,0,0,0,0,0,0,0,0,0,0,0,0,0
93,477,B5-19,PID SETPOINT VALUE,100,10,%,0,0,0,0,0,0,0,0,0,0,0,0,0,0,0,0,0,0
94,482,B5-20,PID SETPOINT SCALING,1,10,,1,1,1,1,1,1,1,1,1,1,1,1,1,1,1,1,1,1
95,415,B5-34,PID OUTPUT LOWER LIMIT,10,10,%,0,0,0,0,0,0,0,0,0,0,0,0,0,0,0,0,0,0
96,416,B5-35,PID INPUT LIMIT,10,10,%,10000,10000,10000,10000,10000,10000,10000,10000,10000,10000,10000,10000,10000,10000,10000,10000,10000,10000
97,417,B5-36,PID FEEDBACK HIGH DETECTION LEVEL,1,10,%,100,100,100,100,100,100,100,100,100,100,100,100,100,100,100,100,100,100
98,418,B5-37,PID FEEDBACK HIGH DETECTION TIME,10,10,s,10,10,10,10,10,10,10,10,10,10,10,10,10,10,10,10,10,10
99,510,B5-38,PID SETPOINT / USER DISPLAY,1,10,,10000,10000,10000,10000,10000,10000,10000,10000,10000,10000,10000,10000,10000,10000,10000,10000,10000,10000
100,511,B5-39,PID SETPOINT DISPLAY DIGITS,1,10,,2,2,2,2,2,2,2,2,2,2,2,2,2,2,2,2,2,2
101,383,B5-40,PID FREF MONITOR SELECTION,1,10,,0,0,0,0,0,0,0,0,0,0,0,0,0,0,0,0,0,0
102,381,B5-47,PID OUTPUT REVERSE SELECTION2,1,10,,1,1,1,1,1,1,1,1,1,1,1,1,1,1,1,1,0,0
103,438,B6-01,DWELL FREQUENCY AT START,10,10,Hz,0,0,0,0,0,0,0,0,0,0,0,0,0,0,0,0,0,0
104,439,B6-02,DWELL TIME AT START,10,10,s,0,0,0,0,0,0,0,0,0,0,0,0,0,0,0,0,0,0
105,440,B6-03,DWELL FREQUENCY AT STOP,10,10,Hz,0,0,0,0,0,0,0,0,0,0,0,0,0,0,0,0,0,0
106,441,B6-04,DWELL TIME AT STOP,10,10,s,0,0,0,0,0,0,0,0,0,0,0,0,0,0,0,0,0,0
107,460,B8-01,ENERGY-SAVING MODE SELECTION,1,10,,0,0,0,0,0,0,0,0,0,0,0,0,0,0,0,0,0,0
108,461,B8-02,ENERGY SAVING GAIN,1,10,,0,0,0,0,0,0,0,0,0,0,0,0,0,0,0,0,0,0
109,462,B8-03,ENERGY SAVING CONTROL FILTER TIME CONSTANT,1,10,,0,0,0,0,0,0,0,0,0,0,0,0,0,0,0,0,0,0
110,463,B8-04,ENERGY-SAVING COEFFICIENT,10,10,,1966,2237,3388,4474,1568,1694,3136,3388,948,1229,1895,2458,7269,9475,14538,18950,2237,2882
111,464,B8-05,KW FILTER TIME,1,10,ms,20,20,20,20,20,20,20,20,20,20,20,20,20,20,20,20,20,20
112,465,B8-06,SEARCH V LIMIT,1,10,%,0,0,0,0,0,0,0,0,0,0,0,0,0,0,0,0,0,0
113,512,C1-01,ACCELERATION TIME 1,10,10,s,100,100,100,100,100,100,100,100,100,100,100,100,100,100,100,100,100,100
114,513,C1-02,DECELERATION TIME 1,10,10,s,100,100,100,100,100,100,100,100,100,100,100,100,100,100,100,100,100,100
115,514,C1-03,ACCELERATION TIME 2,10,10,s,100,100,100,100,100,100,100,100,100,100,100,100,100,100,100,100,100,100
116,515,C1-04,DECELERATION TIME 2,10,10,s,100,100,100,100,100,100,100,100,100,100,100,100,100,100,100,100,100,100
117,516,C1-05,ACCELERATION TIME 3 FOR MOTOR2,10,10,s,100,100,100,100,100,100,100,100,100,100,100,100,100,100,100,100,100,100
118,517,C1-06,DECELERATION TIME 3 FOR MOTOR2,10,10,s,100,100,100,100,100,100,100,100,100,100,100,100,100,100,100,100,100,100
119,518,C1-07,ACCELERATION TIME 4 FOR MOTOR2,10,10,s,100,100,100,100,100,100,100,100,100,100,100,100,100,100,100,100,100,100
120,519,C1-08,DECELERATION TIME 4 FOR MOTOR2,10,10,s,100,100,100,100,100,100,100,100,100,100,100,100,100,100,100,100,100,100
121,520,C1-09,EMERGENCY STOP TIME,10,10,s,100,100,100,100,100,100,100,100,100,100,100,100,100,100,100,100,100,100
122,521,C1-10,ACCEL/DECEL TIME SETTING UNIT,1,10,s,1,1,1,1,1,1,1,1,1,1,1,1,1,1,1,1,1,1
123,522,C1-11,ACCEL/DECEL SWITCHING  FREQUENCY,10,10,Hz,0,0,0,0,0,0,0,0,0,0,0,0,0,0,0,0,0,0
124,612,C1-14,"PICKING UP SPEED AND SLOWING DOWN RATE
SETTING STANDARD FREQUENCY",10,10,Hz,0,0,0,0,0,0,0,0,0,0,0,0,0,0,0,0,0,0
125,523,C2-01,S-CURVE ACCELERATION AT START,100,10,s,20,20,20,20,20,20,20,20,20,20,20,20,20,20,20,20,20,20
126,524,C2-02,S-CURVE ACCELERATION AT END,100,10,s,20,20,20,20,20,20,20,20,20,20,20,20,20,20,20,20,20,20
127,525,C2-03,S-CURVE DECELERATION AT START,100,10,s,20,20,20,20,20,20,20,20,20,20,20,20,20,20,20,20,20,20
128,526,C2-04,S-CURVE DECELERATION AT END,100,10,s,0,0,0,0,0,0,0,0,0,0,0,0,0,0,0,0,0,0
129,527,C3-01,SLIP COMPENSATION GAIN,10,10,,0,0,0,0,0,0,0,0,0,0,0,0,0,0,0,0,0,0
130,528,C3-02,SLIP COMPENSATION TIME,1,10,ms,2000,2000,2000,2000,2000,2000,2000,2000,2000,2000,2000,2000,2000,2000,2000,2000,2000,2000
131,529,C3-03,SLIP COMPENSATION LIMIT,1,10,%,200,200,200,200,200,200,200,200,200,200,200,200,200,200,200,200,200,200
132,530,C3-04,SLIP COMPENSATION REGENERATION,1,10,,0,0,0,0,0,0,0,0,0,0,0,0,0,0,0,0,0,0
133,531,C3-05,OUTPUT VOLTAGE LIMIT OPERATION SELECTION,1,10,,0,0,0,0,0,0,0,0,0,0,0,0,0,0,0,0,0,0
134,533,C4-01,TORQUE COMPENSATION GAIN,100,10,,100,100,100,100,100,100,100,100,100,100,100,100,100,100,100,100,100,100
135,534,C4-02,TORQUE COMPENSATION PRIMARY DELAY TIME,1,10,ms,200,200,200,200,200,200,200,200,200,200,200,200,200,200,200,200,200,200
136,535,C4-03,TORQUE COMPENSATION AT FORWARD START,1,10,%,0,0,0,0,0,0,0,0,0,0,0,0,0,0,0,0,0,0
137,536,C4-04,TORQUE COMPENSATION AT REVERSE START,1,10,%,0,0,0,0,0,0,0,0,0,0,0,0,0,0,0,0,0,0
138,537,C4-05,TORQUE COMPENSATION TIME CONSTANT,1,10,ms,10,10,10,10,10,10,10,10,10,10,10,10,10,10,10,10,10,10
139,538,C4-06,TORQUE COMPENSATION PRIMARY DELAY TIME 2,1,10,ms,150,150,150,150,150,150,150,150,150,150,150,150,150,150,150,150,150,150
140,539,C5-01,ASR PROPORTIONAL GAIN 1,1,10,,0,0,0,0,0,0,0,0,0,0,0,0,0,0,0,0,0,0
141,540,C5-02,ASR INTEGRAL TIME 1,1,10,,0,0,0,0,0,0,0,0,0,0,0,0,0,0,0,0,0,0
142,541,C5-03,AS PROPORTIONAL GAIN 2,1,10,,0,0,0,0,0,0,0,0,0,0,0,0,0,0,0,0,0,0
143,542,C5-04,ASR INTEGRAL TIME 2,1,10,s,0,0,0,0,0,0,0,0,0,0,0,0,0,0,0,0,0,0
144,543,C5-05,ASR LIMIT,1,10,%,50,50,50,50,50,50,50,50,50,50,50,50,50,50,50,50,50,50
145,547,C6-01,DRIVE DUTY SELECTION,1,10,,1,1,1,1,1,1,1,1,1,1,1,1,1,1,1,1,1,1
146,548,C6-02,CARRIER FREQUENCY SELECTION,1,10,,7,4,7,3,7,3,7,3,7,3,7,3,7,3,7,3,7,4
147,549,C6-03,CARRIER FREQUENCY UPPER LIMIT,1,10,kHz,20,100,20,80,20,80,20,80,20,80,20,80,20,80,20,80,20,100
148,550,C6-04,CARRIER FREQUENCY LOWER LIMIT,1,10,kHz,20,100,20,80,20,80,20,80,20,80,20,80,20,80,20,80,20,100
149,551,C6-05,CARRIER FREQUENCY PROPORTIONAL GAIN,1,10,,0,0,0,0,0,0,0,0,0,0,0,0,0,0,0,0,0,0
150,640,D1-01,FREQUENCY REFERENCE 1,100,10,Hz,0,0,0,0,0,0,0,0,0,0,0,0,0,0,0,0,0,0
151,641,D1-02,FREQUENCY REFERENCE 2,100,10,Hz,0,0,0,0,0,0,0,0,0,0,0,0,0,0,0,0,0,0
152,642,D1-03,FREQUENCY REFERENCE 3,100,10,Hz,0,0,0,0,0,0,0,0,0,0,0,0,0,0,0,0,0,0
153,643,D1-04,FREQUENCY REFERENCE 4,100,10,Hz,0,0,0,0,0,0,0,0,0,0,0,0,0,0,0,0,0,0
154,644,D1-05,FREQUENCY REFERENCE 5,100,10,Hz,0,0,0,0,0,0,0,0,0,0,0,0,0,0,0,0,0,0
155,645,D1-06,FREQUENCY REFERENCE 6,100,10,Hz,0,0,0,0,0,0,0,0,0,0,0,0,0,0,0,0,0,0
156,646,D1-07,FREQUENCY REFERENCE 7,100,10,Hz,0,0,0,0,0,0,0,0,0,0,0,0,0,0,0,0,0,0
157,647,D1-08,FREQUENCY REFERENCE 8,100,10,Hz,0,0,0,0,0,0,0,0,0,0,0,0,0,0,0,0,0,0
158,648,D1-09,FREQUENCY REFERENCE 9,100,10,Hz,0,0,0,0,0,0,0,0,0,0,0,0,0,0,0,0,0,0
159,651,D1-10,FREQUENCY REFERENCE 10,100,10,Hz,0,0,0,0,0,0,0,0,0,0,0,0,0,0,0,0,0,0
160,652,D1-11,FREQUENCY REFERENCE 11,100,10,Hz,0,0,0,0,0,0,0,0,0,0,0,0,0,0,0,0,0,0
161,653,D1-12,FREQUENCY REFERENCE 12,100,10,Hz,0,0,0,0,0,0,0,0,0,0,0,0,0,0,0,0,0,0
162,654,D1-13,FREQUENCY REFERENCE 13,100,10,Hz,0,0,0,0,0,0,0,0,0,0,0,0,0,0,0,0,0,0
163,655,D1-14,FREQUENCY REFERENCE 14,100,10,Hz,0,0,0,0,0,0,0,0,0,0,0,0,0,0,0,0,0,0
164,656,D1-15,FREQUENCY REFERENCE 15,100,10,Hz,0,0,0,0,0,0,0,0,0,0,0,0,0,0,0,0,0,0
165,657,D1-16,FREQUENCY REFERENCE 16,100,10,Hz,0,0,0,0,0,0,0,0,0,0,0,0,0,0,0,0,0,0
166,658,D1-17,JOG FREQUENCY REFERENCE,100,10,Hz,600,600,600,600,600,600,600,600,600,600,600,600,600,600,600,600,600,600
167,649,D2-01,FREQUENCY REFERENCE UPPER LIMIT,10,10,%,1000,1000,1000,1000,1000,1000,1000,1000,1000,1000,1000,1000,1000,1000,1000,1000,1000,1000
168,650,D2-02,FREQUENCY REFERENCE LOWER LIMIT,10,10,%,0,0,0,0,0,0,0,0,0,0,0,0,0,0,0,0,0,0
169,659,D2-03,MASTER SPEED REFERENCE LOWER LIMIT,10,10,%,0,0,0,0,0,0,0,0,0,0,0,0,0,0,0,0,0,0
170,660,D3-01,JUMP FREQUENCY 1,10,10,Hz,0,0,0,0,0,0,0,0,0,0,0,0,0,0,0,0,0,0
171,661,D3-02,JUMP FREQUENCY 2,10,10,Hz,0,0,0,0,0,0,0,0,0,0,0,0,0,0,0,0,0,0
172,662,D3-03,JUMP FREQUENCY 3,10,10,Hz,0,0,0,0,0,0,0,0,0,0,0,0,0,0,0,0,0,0
173,663,D3-04,JUMP FREQUENCY WIDTH,10,10,Hz,10,10,10,10,10,10,10,10,10,10,10,10,10,10,10,10,10,10
174,664,D4-01,MOP REFERENCE MEMORY,1,10,,0,0,0,0,0,0,0,0,0,0,0,0,0,0,0,0,0,0
175,682,D4-03,FREQUENCY REFERENCE BIAS STEPS(UP/DOWN2),100,10,Hz,0,0,0,0,0,0,0,0,0,0,0,0,0,0,0,0,0,0
176,683,D4-04,ACCEL/DECEL RATE SELECTION(UP/DOWN2),1,10,,0,0,0,0,0,0,0,0,0,0,0,0,0,0,0,0,0,0
177,684,D4-05,BIAS MODE SELECTION(UP/DOWN2),1,10,,0,0,0,0,0,0,0,0,0,0,0,0,0,0,0,0,0,0
178,685,D4-06,BIAS VALUE(UP/DOWN2),10,10,%,0,0,0,0,0,0,0,0,0,0,0,0,0,0,0,0,0,0
179,686,D4-07,ANALOG CHANGE LIMIT,10,10,%,10,10,10,10,10,10,10,10,10,10,10,10,10,10,10,10,10,10
180,687,D4-08,"FREQUENCY REFERENCE BIAS UPPER LIMIT
(UP/DOWN2)",10,10,%,1000,1000,1000,1000,1000,1000,1000,1000,1000,1000,1000,1000,1000,1000,1000,1000,1000,1000
181,688,D4-09,"FREQUENCY REFERENCE BIAS LOWER LIMIT
(UP/DOWN2)",10,10,%,0,0,0,0,0,0,0,0,0,0,0,0,0,0,0,0,0,0
182,694,D4-10,"UP/DOWN FREQUENCY REFERENCE LIMIT
SELECTION",1,10,,0,0,0,0,0,0,0,0,0,0,0,0,0,0,0,0,0,0
183,690,D7-01,OFFSET FREQUENCY 1,10,10,%,0,0,0,0,0,0,0,0,0,0,0,0,0,0,0,0,0,0
184,691,D7-02,OFFSET FREQUENCY 2,10,10,%,0,0,0,0,0,0,0,0,0,0,0,0,0,0,0,0,0,0
185,692,D7-03,OFFSET FREQUENCY 3,10,10,%,0,0,0,0,0,0,0,0,0,0,0,0,0,0,0,0,0,0
186,768,E1-01,INPUT VOLTAGE SETTING,1,10,V,230,230,460,460,230,230,460,460,230,230,460,460,230,230,460,460,230,230
187,770,E1-03,V/F PATTERN SELECTION,1,10,,15,15,15,15,15,15,15,15,15,15,15,15,15,15,15,15,15,15
188,771,E1-04,MAX. OUTPUT FREQUENCY,10,10,Hz,600,600,600,600,600,600,600,600,600,600,600,600,600,600,600,600,600,600
189,772,E1-05,MAX. VOLTAGE,10,10,V,2300,2300,4600,4600,2300,2300,4600,4600,2300,2300,4600,4600,2300,2300,4600,4600,2300,2300
190,773,E1-06,BASE FREQUENCY,10,10,Hz,600,600,600,600,600,600,600,600,600,600,600,600,600,600,600,600,600,600
191,774,E1-07,MID OUTPUT FREQUENCY,10,10,Hz,30,30,30,30,30,30,30,30,30,30,30,30,30,30,30,30,30,30
192,775,E1-08,MID OUTPUT FREQUENCY VOLTAGE,10,10,V,184,184,368,368,184,184,368,368,161,161,368,368,161,161,322,322,184,184
193,776,E1-09,MIN. OUTPUT FREQUENCY,10,10,Hz,15,15,15,15,15,15,15,15,15,15,15,15,15,15,15,15,15,15
194,777,E1-10,MIN. OUTPUT FREQUENCY VOLTAGE,10,10,V,138,138,276,276,138,138,276,276,81,81,276,276,81,81,162,162,138,138
195,778,E1-11,MID OUTPUT FREQUENCY 2,10,10,Hz,0,0,0,0,0,0,0,0,0,0,0,0,0,0,0,0,0,0
196,779,E1-12,MID OUTPUT FREQUENCY VOLTAGE 2,10,10,V,0,0,0,0,0,0,0,0,0,0,0,0,0,0,0,0,0,0
197,780,E1-13,BASE VOLTAGE,10,10,V,0,0,0,0,0,0,0,0,0,0,0,0,0,0,0,0,0,0
198,782,E2-01,MOTOR RATED CURRENT,100,10,A,490,330,310,160,850,620,420,310,1960,1400,980,700,2660,1960,1330,980,330,190
199,783,E2-02,MOTOR RATED SLIP,100,10,,260,250,250,260,290,260,300,250,150,273,150,270,130,150,130,150,250,290
200,784,E2-03,MOTOR NO-LOAD CURRENT,100,10,A,230,180,140,80,300,280,150,140,510,450,260,230,800,510,400,260,180,120
201,785,E2-04,NUMBER OF MOTOR POLES,1,10,,4,4,4,4,4,4,4,4,4,4,4,4,4,4,4,4,4,4
202,786,E2-05,MOTOR LINE-TO-LINE RESISTANCE,1000,10,O,3577,5156,10100,22459,1601,1997,6495,10100,399,771,1595,3333,288,399,1152,1595,5156,9842
203,787,E2-06,MOTOR LEAK INDUCTANCE,10,10,%,185,138,183,143,184,185,187,183,182,196,182,193,155,182,155,182,138,182
204,788,E2-07,MOTOR IRON-CORE SATURATION COEFFICIENT 1,100,10,,50,50,50,50,50,50,50,50,50,50,50,50,50,50,50,50,50,50
205,789,E2-08,MOTOR IRON-CORE SATURATION COEFFICIENT 2,100,10,,75,75,75,75,75,75,75,75,75,75,75,75,75,75,75,75,75,75
206,790,E2-09,MOTOR MECHANICAL LOSS,10,10,%,0,0,0,0,0,0,0,0,0,0,0,0,0,0,0,0,0,0
207,791,E2-10,TORQUE COMPENSATION IRON LOSS COMPENSATION,1,10,W,38,26,53,26,77,53,77,53,172,112,193,130,262,172,263,193,26,14
208,792,E2-11,MOTOR RATED OUTPUT,100,10,kW,110,75,150,75,220,150,220,150,550,370,550,400,750,550,750,550,75,40
209,808,E2-12,MOTOR IRON-CORE SATURATION COEFFICIENT 3,100,10,,130,130,130,130,130,130,130,130,130,130,130,130,130,130,130,130,130,130
210,793,E3-01,MOTOR 2 CONTROL METHOD,1,10,,0,0,0,0,0,0,0,0,0,0,0,0,0,0,0,0,0,0
211,794,E3-04,MOTOR 2 MAX. OUTPUT FREQUENCY,10,10,Hz,600,600,600,600,600,600,600,600,600,600,600,600,600,600,600,600,600,600
212,795,E3-05,MOTOR 2 MAX. VOLTAGE,10,10,V,2300,2300,4600,4600,2300,2300,4600,4600,2300,2300,4600,4600,2300,2300,4600,4600,2300,2300
213,796,E3-06,MOTOR 2 BASE FREQUENCY,10,10,Hz,600,600,600,600,600,600,600,600,600,600,600,600,600,600,600,600,600,600
214,797,E3-07,MOTOR 2 MID OUTPUT FREQUENCY,10,10,Hz,30,30,30,30,30,30,30,30,30,30,30,30,30,30,30,30,30,30
215,798,E3-08,MOTOR 2 MID OUTPUT FREQUENCY VOLTAGE,10,10,V,184,184,368,368,184,184,368,368,161,161,368,368,161,161,322,322,184,184
216,799,E3-09,MOTOR 2 MIN. OUTPUT FREQUENCY,10,10,Hz,15,15,15,15,15,15,15,15,15,15,15,15,15,15,15,15,15,15
217,800,E3-10,MOTOR 2 MIN. OUTPUT FREQUENCY VOLTAGE,10,10,V,138,138,276,276,138,138,276,276,81,81,276,276,81,81,162,162,138,138
218,837,E3-11,MOTOR 2 MID OUTPUT FREQUENCY 2,10,10,Hz,0,0,0,0,0,0,0,0,0,0,0,0,0,0,0,0,0,0
219,838,E3-12,MOTOR 2 MID OUTPUT FREQUENCY VOLTAGE 2,10,10,V,0,0,0,0,0,0,0,0,0,0,0,0,0,0,0,0,0,0
220,839,E3-13,MOTOR 2 BASE VOLTAGE,10,10,V,0,0,0,0,0,0,0,0,0,0,0,0,0,0,0,0,0,0
221,801,E4-01,MOTOR 2 MOTOR RATED CURRENT,100,10,A,490,330,310,160,850,620,420,310,1960,1400,980,700,2660,1960,1330,980,330,190
222,802,E4-02,MOTOR 2 MOTOR RATED SLIP,100,10,,260,250,250,260,290,260,300,250,150,273,150,270,130,150,130,150,250,290
223,803,E4-03,MOTOR 2 MOTOR NO-LOAD CURRENT,100,10,A,230,180,140,80,300,280,150,140,510,450,260,230,800,510,400,260,180,120
224,804,E4-04,MOTOR 2 NUMBER OF MOTOR POLES,1,10,,4,4,4,4,4,4,4,4,4,4,4,4,4,4,4,4,4,4
225,805,E4-05,MOTOR 2 LINE-TO-LINE RESISTANCE,1000,10,O,3577,5156,10100,22459,1601,1997,6495,10100,399,771,1595,3333,288,399,1152,1595,5156,9842
226,806,E4-06,MOTOR 2 LEAK INDUCTANCE,10,10,%,185,138,183,143,184,185,187,183,182,196,182,193,155,182,155,182,138,182
227,835,E4-07,MOTOR 2 IRON-CORE SATURATION COEFFICIENT 1,100,10,,50,50,50,50,50,50,50,50,50,50,50,50,50,50,50,50,50,50
228,836,E4-08,MOTOR 2 IRON-CORE SATURATION COEFFICIENT 2,100,10,kW,75,75,75,75,75,75,75,75,75,75,75,75,75,75,75,75,75,75
229,831,E4-09,MOTOR 2 MOTOR MECHANICAL LOSS,100,10,,0,0,0,0,0,0,0,0,0,0,0,0,0,0,0,0,0,0
230,832,E4-10,MOTOR 2 TORQUE COMPENSATION IRON LOSS COMPENSATION,1,10,W,38,26,53,26,77,53,77,53,172,112,193,130,262,172,263,193,26,14
231,807,E4-11,MOTOR 2 RATED CAPACITY,100,10,kW,110,75,150,75,220,150,220,150,550,370,550,400,750,550,750,550,75,40
232,834,E4-12,MOTOR 2 IRON-CORE SATURATION COEFFICIENT 3,100,10,,130,130,130,130,130,130,130,130,130,130,130,130,130,130,130,130,130,130
233,833,E4-14,MOTOR 2 SLIP COMPENSATION GAIN,10,10,,100,100,100,100,100,100,100,100,100,100,100,100,100,100,100,100,100,100
234,833,E4-15,MOTOR 2 TORQUE COMPENSATION GAIN,100,10,,100,100,100,100,100,100,100,100,100,100,100,100,100,100,100,100,100,100
235,897,F1-02,OPERATION SELECTION AT PG OPEN CIRCUIT,1,10,,1,1,1,1,1,1,1,1,1,1,1,1,1,1,1,1,1,1
236,898,F1-03,OPERATION SELECTION AT OVERSPEED,1,10,,1,1,1,1,1,1,1,1,1,1,1,1,1,1,1,1,1,1
237,899,F1-04,OPERATION SELECTION AT DEVIATION,1,10,,3,3,3,3,3,3,3,3,3,3,3,3,3,3,3,3,3,3
238,903,F1-08,OVERSPEED DETECTION LEVEL,1,10,%,115,115,115,115,115,115,115,115,115,115,115,115,115,115,115,115,115,115
239,904,F1-09,OVERSPEED DETECTION DELAY TIME,10,10,s,0,0,0,0,0,0,0,0,0,0,0,0,0,0,0,0,0,0
240,905,F1-10,EXCESSIVE SPEED DEVIATION DETECTION LEVEL,1,10,%,10,10,10,10,10,10,10,10,10,10,10,10,10,10,10,10,10,10
241,906,F1-11,EXCEESIVE SPEED DEVIATION DETECTION DELAY TIME,10,10,s,5,5,5,5,5,5,5,5,5,5,5,5,5,5,5,5,5,5
242,909,F1-14,PG OPEN-CIRCUIT DETECTION TIME,10,10,s,20,20,20,20,20,20,20,20,20,20,20,20,20,20,20,20,20,20
243,930,F6-01,"OPERATION SELECTION AFTER COMMUNICATIONS
ERROR",1,10,,1,1,1,1,1,1,1,1,1,1,1,1,1,1,1,1,1,1
244,931,F6-02,"SELECTION OF EXTERNAL FAULT FROM
COMMUNICATION OPTION BOARD",1,10,,0,0,0,0,0,0,0,0,0,0,0,0,0,0,0,0,0,0
245,932,F6-03,"STOPPING METHOD FOR EXTERNAL FAULT FROM
COMMUNICATION OPTION BOARD",1,10,,1,1,1,1,1,1,1,1,1,1,1,1,1,1,1,1,1,1
246,933,F6-04,BUS ERROR DETECTION DELAY,10,10,s,20,20,20,20,20,20,20,20,20,20,20,20,20,20,20,20,20,20
247,936,F6-07,FREF PRIORITY SELECTION,1,10,,1,1,1,1,1,1,1,1,1,1,1,1,1,1,1,1,1,1
248,874,F6-08,COMM PARAMETER INITIALIZE SELECTION,1,10,,0,0,0,0,0,0,0,0,0,0,0,0,0,0,0,0,0,0
249,998,F6-10,NODE ADDRESS,1,10,,168,168,168,168,168,168,168,168,168,168,168,168,168,168,168,168,168,168
250,999,F6-11,COMMUNICATION SPEED,1,10,,1,1,1,1,1,1,1,1,1,1,1,1,1,1,1,1,1,1
251,955,F6-14,BUS ERROR AUTO RESET,1,10,,0,0,0,0,0,0,0,0,0,0,0,0,0,0,0,0,0,0
252,875,F6-20,M-II STATION ADDRESS,1,10,,33,33,33,33,33,33,33,33,33,33,33,33,33,33,33,33,33,33
253,876,F6-21,M-II FRAME LENGTH,1,10,,0,0,0,0,0,0,0,0,0,0,0,0,0,0,0,0,0,0
254,877,F6-22,M-II LINK SPEED,1,10,,0,0,0,0,0,0,0,0,0,0,0,0,0,0,0,0,0,0
255,878,F6-23,M-II MON E REGISTER,1,10,,0,0,0,0,0,0,0,0,0,0,0,0,0,0,0,0,0,0
256,879,F6-24,M-II MON F REGISTER,1,10,,0,0,0,0,0,0,0,0,0,0,0,0,0,0,0,0,0,0
257,969,F6-25,M-II WDT ERROR SELECTION,1,10,,1,1,1,1,1,1,1,1,1,1,1,1,1,1,1,1,1,1
258,970,F6-26,M-II NUMBER OF BUS ERROR DETECTION,1,10,,2,2,2,2,2,2,2,2,2,2,2,2,2,2,2,2,2,2
259,971,F6-30,NODE ADDRESS,1,10,,0,0,0,0,0,0,0,0,0,0,0,0,0,0,0,0,0,0
260,972,F6-31,CLEAR MODE SELECTION,1,10,,0,0,0,0,0,0,0,0,0,0,0,0,0,0,0,0,0,0
261,973,F6-32,PROFIBUSMAP SELECTION,1,10,,0,0,0,0,0,0,0,0,0,0,0,0,0,0,0,0,0,0
262,976,F6-35,CANOPEN NODE ADDRESS,1,10,,0,0,0,0,0,0,0,0,0,0,0,0,0,0,0,0,0,0
263,977,F6-36,COMMUNICATION SPEED,1,10,,6,6,6,6,6,6,6,6,6,6,6,6,6,6,6,6,6,6
264,981,F6-40,NODE ADDRESS,1,10,,0,0,0,0,0,0,0,0,0,0,0,0,0,0,0,0,0,0
265,982,F6-41,COMMUNICATION SPEED,1,10,,1,1,1,1,1,1,1,1,1,1,1,1,1,1,1,1,0,0
266,961,F6-50,MAC ADDRESS,1,10,,64,64,64,64,64,64,64,64,64,64,64,64,64,64,64,64,64,64
267,962,F6-51,BAUD RATE,1,10,,4,4,4,4,4,4,4,4,4,4,4,4,4,4,4,4,4,4
268,963,F6-52,PCA  SETTING,1,10,,21,21,21,21,21,21,21,21,21,21,21,21,21,21,21,21,21,21
269,964,F6-53,PPA  SETTING,1,10,,71,71,71,71,71,71,71,71,71,71,71,71,71,71,71,71,71,71
270,965,F6-54,IDLE MODE FAULT DETECTION,1,10,,0,0,0,0,0,0,0,0,0,0,0,0,0,0,0,0,0,0
271,966,F6-55,DEVICENET BAUD RATE MONITOR,1,10,,0,0,0,0,0,0,0,0,0,0,0,0,0,0,0,0,0,0
272,983,F6-56,SPEED SCALING,1,10,,0,0,0,0,0,0,0,0,0,0,0,0,0,0,0,0,0,0
273,984,F6-57,CURRENT SCALING,1,10,,0,0,0,0,0,0,0,0,0,0,0,0,0,0,0,0,0,0
274,985,F6-58,TORQUE SCALING,1,10,,0,0,0,0,0,0,0,0,0,0,0,0,0,0,0,0,0,0
275,986,F6-59,POWER SCALING,1,10,,0,0,0,0,0,0,0,0,0,0,0,0,0,0,0,0,0,0
276,987,F6-60,VOLTAGE SCALING,1,10,,0,0,0,0,0,0,0,0,0,0,0,0,0,0,0,0,0,0
277,988,F6-61,TIME SCALING,1,10,,0,0,0,0,0,0,0,0,0,0,0,0,0,0,0,0,0,0
278,989,F6-62,HEART BEAT,1,10,,0,0,0,0,0,0,0,0,0,0,0,0,0,0,0,0,0,0
279,990,F6-63,DYNAMIC OUTPUT MAC ID MEMORY,1,10,,63,63,63,63,63,63,63,63,63,63,63,63,63,63,63,63,0,0
280,991,F6-64,DYNAMIC OUTPUT ASSEMBLY 109 PARAMETER 1,1,10,,0,0,0,0,0,0,0,0,0,0,0,0,0,0,0,0,0,0
281,992,F6-65,DYNAMIC OUTPUT ASSEMBLY 109 PARAMETER 2,1,10,,0,0,0,0,0,0,0,0,0,0,0,0,0,0,0,0,0,0
282,993,F6-66,DYNAMIC OUTPUT ASSEMBLY 109 PARAMETER 3,1,10,,0,0,0,0,0,0,0,0,0,0,0,0,0,0,0,0,0,0
283,994,F6-67,DYNAMIC OUTPUT ASSEMBLY 109 PARAMETER 4,1,10,,0,0,0,0,0,0,0,0,0,0,0,0,0,0,0,0,0,0
284,995,F6-68,DYNAMIC INPUT ASSEMBLY 159 PARAMETER 1,1,10,,0,0,0,0,0,0,0,0,0,0,0,0,0,0,0,0,0,0
285,996,F6-69,DYNAMIC INPUT ASSEMBLY 159 PARAMETER 2,1,10,,0,0,0,0,0,0,0,0,0,0,0,0,0,0,0,0,0,0
286,967,F6-70,DYNAMIC INPUT ASSEMBLY 159 PARAMETER 3,1,10,,0,0,0,0,0,0,0,0,0,0,0,0,0,0,0,0,0,0
287,968,F6-71,DYNAMIC INPUT ASSEMBLY 159 PARAMETER 4,1,10,,0,0,0,0,0,0,0,0,0,0,0,0,0,0,0,0,0,0
288,997,F7-01,IP ADDRESS1,1,10,,192,192,192,192,192,192,192,192,192,192,192,192,192,192,192,192,192,192
289,998,F7-02,IP ADDRESS2,1,10,,168,168,168,168,168,168,168,168,168,168,168,168,168,168,168,168,168,168
290,999,F7-03,IP ADDRESS3,1,10,,1,1,1,1,1,1,1,1,1,1,1,1,1,1,1,1,1,1
291,1000,F7-04,IP ADDRESS4,1,10,,20,20,20,20,20,20,20,20,20,20,20,20,20,20,20,20,20,20
292,1001,F7-05,SUBNET MASK1,1,10,,255,255,255,255,255,255,255,255,255,255,255,255,255,255,255,255,255,255
293,1002,F7-06,SUBNET MASK2,1,10,,255,255,255,255,255,255,255,255,255,255,255,255,255,255,255,255,255,255
294,1003,F7-07,SUBNET MASK3,1,10,,255,255,255,255,255,255,255,255,255,255,255,255,255,255,255,255,255,255
295,1004,F7-08,SUBNET MASK4,1,10,,0,0,0,0,0,0,0,0,0,0,0,0,0,0,0,0,0,0
296,1005,F7-09,GATEWAY ADDRESS1,1,10,,192,192,192,192,192,192,192,192,192,192,192,192,192,192,192,192,192,192
297,1006,F7-10,GATEWAY ADDRESS2,1,10,,168,168,168,168,168,168,168,168,168,168,168,168,168,168,168,168,168,168
298,1007,F7-11,GATEWAY ADDRESS3,1,10,,1,1,1,1,1,1,1,1,1,1,1,1,1,1,1,1,1,1
299,992,F7-12,GATEWAY ADDRESS4,1,10,,0,0,0,0,0,0,0,0,0,0,0,0,0,0,0,0,0,0
300,1009,F7-13,ADDRESS STARTUP MODE,1,10,,2,2,2,2,2,2,2,2,2,2,2,2,2,2,2,2,2,2
301,1010,F7-14,DUPLEX MODE SETTING,1,10,,1,1,1,1,1,1,1,1,1,1,1,1,1,1,1,1,1,1
302,1011,F7-15,SPEED MODE SETTING,1,10,,10,10,10,10,10,10,10,10,10,10,10,10,10,10,10,10,10,10
303,1012,F7-16,TIMEOUT VALUE,1,10,,0,0,0,0,0,0,0,0,0,0,0,0,0,0,0,0,0,0
304,1013,F7-17,SPEED SCALING,1,10,,0,0,0,0,0,0,0,0,0,0,0,0,0,0,0,0,0,0
305,1014,F7-18,CURRENT SCALING,1,10,,0,0,0,0,0,0,0,0,0,0,0,0,0,0,0,0,0,0
306,1015,F7-19,TORQUE SCALING,1,10,,0,0,0,0,0,0,0,0,0,0,0,0,0,0,0,0,0,0
307,1016,F7-20,POWER SCALING,1,10,,0,0,0,0,0,0,0,0,0,0,0,0,0,0,0,0,0,0
308,1017,F7-21,VOLTAGE SCALING,1,10,,0,0,0,0,0,0,0,0,0,0,0,0,0,0,0,0,0,0
309,1018,F7-22,TIME SCALING,1,10,,0,0,0,0,0,0,0,0,0,0,0,0,0,0,0,0,0,0
310,1019,F7-23,DYNAMIC OUTPUT ASSEMBLY 116 PARAMETER 1,1,10,,0,0,0,0,0,0,0,0,0,0,0,0,0,0,0,0,0,0
311,1020,F7-24,DYNAMIC OUTPUT ASSEMBLY 116 PARAMETER 2,1,10,,0,0,0,0,0,0,0,0,0,0,0,0,0,0,0,0,0,0
312,1021,F7-25,DYNAMIC OUTPUT ASSEMBLY 116 PARAMETER 3,1,10,,0,0,0,0,0,0,0,0,0,0,0,0,0,0,0,0,0,0
313,1022,F7-26,DYNAMIC OUTPUT ASSEMBLY 116 PARAMETER 4,1,10,,0,0,0,0,0,0,0,0,0,0,0,0,0,0,0,0,0,0
314,1023,F7-27,DYNAMIC OUTPUT ASSEMBLY 116 PARAMETER 5,1,10,,0,0,0,0,0,0,0,0,0,0,0,0,0,0,0,0,0,0
315,1080,H1-01,TERMINAL S1 FUNCTION SELECTION,1,16,,64,64,64,64,64,64,64,64,64,64,64,64,64,64,64,64,64,64
316,1081,H1-02,TERMINAL S2 FUNCTION SELECTION,1,16,,65,65,65,65,65,65,65,65,65,65,65,65,65,65,65,65,65,65
317,1024,H1-03,TERMINAL S3 FUNCTION SELECTION,1,16,,36,36,36,36,36,36,36,36,36,36,36,36,36,36,36,36,36,36
318,1025,H1-04,TERMINAL S4 FUNCTION SELECTION,1,16,,20,20,20,20,20,20,20,20,20,20,20,20,20,20,20,20,20,20
319,1026,H1-05,TERMINAL S5 FUNCTION SELECTION,1,16,,3,3,3,3,3,3,3,3,3,3,3,3,3,3,3,3,3,3
320,1027,H1-06,TERMINAL S6 FUNCTION SELECTION,1,16,,4,4,4,4,4,4,4,4,4,4,4,4,4,4,4,4,4,4
321,1028,H1-07,TERMINAL S7 FUNCTION SELECTION,1,16,,6,6,6,6,6,6,6,6,6,6,6,6,6,6,6,6,6,6
322,1035,H2-01,TERMINAL MA/MB-MC SELECTION,1,16,,14,14,14,14,14,14,14,14,14,14,14,14,14,14,14,14,14,14
323,1036,H2-02,TERMINAL P1 SELECTION,1,16,,0,0,0,0,0,0,0,0,0,0,0,0,0,0,0,0,0,0
324,1037,H2-03,TERMINAL P2 SELECTION,1,16,,2,2,2,2,2,2,2,2,2,2,2,2,2,2,2,2,2,2
325,1079,H2-06,OUTPUT UNIT SELECTION,1,10,,0,0,0,0,0,0,0,0,0,0,0,0,0,0,0,0,0,0
326,1040,H3-01,TERMINAL A1 SIGNAL LEVEL SELECTION,1,10,,0,0,0,0,0,0,0,0,0,0,0,0,0,0,0,0,0,0
327,1076,H3-02,TERMINAL A1 FUNCTION SELECTION,1,10,,0,0,0,0,0,0,0,0,0,0,0,0,0,0,0,0,0,0
328,1041,H3-03,TERMINAL A1 GAIN SETTING,10,10,%,1000,1000,1000,1000,1000,1000,1000,1000,1000,1000,1000,1000,1000,1000,1000,1000,1000,1000
329,1042,H3-04,TERMINAL A1 BIAS SETTING,10,10,%,0,0,0,0,0,0,0,0,0,0,0,0,0,0,0,0,0,0
330,1047,H3-09,TERMINAL A2 SIGNAL LEVEL SELECTION,1,10,,2,2,2,2,2,2,2,2,2,2,2,2,2,2,2,2,2,2
331,1048,H3-10,TERMINAL A2 FUNCTION SELECTION,1,10,,0,0,0,0,0,0,0,0,0,0,0,0,0,0,0,0,0,0
332,1049,H3-11,TERMINAL A2 GAIN SETTING,10,10,%,1000,1000,1000,1000,1000,1000,1000,1000,1000,1000,1000,1000,1000,1000,1000,1000,1000,1000
333,1050,H3-12,TERMINAL A2 BIAS SETTING,10,10,%,0,0,0,0,0,0,0,0,0,0,0,0,0,0,0,0,0,0
334,1051,H3-13,FILTER AVG TIME,100,10,s,3,3,3,3,3,3,3,3,3,3,3,3,3,3,3,3,3,3
335,1052,H3-14,"TERMINAL ANALOG INPUT SELECTION(WHEN H1-XX
= C)",1,10,,7,7,7,7,7,7,7,7,7,7,7,7,7,7,7,7,7,7
336,1088,H3-16,A1 OFFSET,1,10,,0,0,0,0,0,0,0,0,0,0,0,0,0,0,0,0,0,0
337,1089,H3-17,A2 OFFSET,1,10,,0,0,0,0,0,0,0,0,0,0,0,0,0,0,0,0,0,0
338,1053,H4-01,"MULTI-FUNCTION ANALOG 1(ANALOG TERMINAL
MONITOR SELECTION)",1,10,,102,102,102,102,102,102,102,102,102,102,102,102,102,102,102,102,102,102
339,1054,H4-02,"MULTI-FUNCTION ANALOG 1(ANALOG TERMINAL
OUTPUT GAIN)",10,10,%,1000,1000,1000,1000,1000,1000,1000,1000,1000,1000,1000,1000,1000,1000,1000,1000,1000,1000
340,1055,H4-03,"MULTI-FUNCTION ANALOG 1(ANALOG TERMINAL
OUTPUT BIAS)",10,10,%,0,0,0,0,0,0,0,0,0,0,0,0,0,0,0,0,0,0
341,1061,H5-01,DRIVE NODE ADDRESS,1,10,,31,31,31,31,31,31,31,31,31,31,31,31,31,31,31,31,31,31
342,1062,H5-02,COMMUNICATION SPEED SELECTION,1,10,,3,3,3,3,3,3,3,3,3,3,3,3,3,3,3,3,3,3
343,1063,H5-03,COMMUNICATION PARITY SELECTION,1,10,,0,0,0,0,0,0,0,0,0,0,0,0,0,0,0,0,0,0
344,1064,H5-04,SERIAL FAULT SELECTION,1,10,,3,3,3,3,3,3,3,3,3,3,3,3,3,3,3,3,3,3
345,1065,H5-05,CE DETECTION SELECTION,1,10,,1,1,1,1,1,1,1,1,1,1,1,1,1,1,1,1,1,1
346,1066,H5-06,SEND WAIT TIME,1,10,ms,5,5,5,5,5,5,5,5,5,5,5,5,5,5,5,5,5,5
347,1067,H5-07,RTS CONTROL ON/OFF,1,10,,1,1,1,1,1,1,1,1,1,1,1,1,1,1,1,1,1,1
348,1077,H5-09,CE DETECTION TIME,10,10,s,20,20,20,20,20,20,20,20,20,20,20,20,20,20,20,20,20,20
349,1078,H5-10,OUTPUT VOLTAGE MONITOR(REGISTER NO.25) UNIT,1,10,,0,0,0,0,0,0,0,0,0,0,0,0,0,0,0,0,0,0
350,1084,H5-11,ENTER FUNCTION SELECTION OF TRANSMISSION,1,10,,1,1,1,1,1,1,1,1,1,1,1,1,1,1,1,1,1,1
351,1085,H5-12,RUN COMMAND METHOD SELECTION,1,10,,0,0,0,0,0,0,0,0,0,0,0,0,0,0,0,0,0,0
352,1068,H6-01,PULSE TRAIN INPUT FUNCTION SELECTION,1,10,,0,0,0,0,0,0,0,0,0,0,0,0,0,0,0,0,0,0
353,1069,H6-02,PULSE TRAIN INPUT SCALING,1,10,Hz,1440,1440,1440,1440,1440,1440,1440,1440,1440,1440,1440,1440,1440,1440,1440,1440,1440,1440
354,1070,H6-03,PULSE TRAIN INPUT GAIN,10,10,%,1000,1000,1000,1000,1000,1000,1000,1000,1000,1000,1000,1000,1000,1000,1000,1000,1000,1000
355,1071,H6-04,PULSE TRAIN INPUT BIAS,10,10,%,0,0,0,0,0,0,0,0,0,0,0,0,0,0,0,0,0,0
356,1072,H6-05,PULSE TRAIN INPUT FILTER TIME,100,10,s,10,10,10,10,10,10,10,10,10,10,10,10,10,10,10,10,10,10
357,1073,H6-06,PULSE TRAIN MONITOR SELECTION,1,10,,102,102,102,102,102,102,102,102,102,102,102,102,102,102,102,102,102,102
358,1074,H6-07,PULSE TRAIN MONITOR SCALING,1,10,Hz,1440,1440,1440,1440,1440,1440,1440,1440,1440,1440,1440,1440,1440,1440,1440,1440,1440,1440
359,1152,L1-01,MOTOR OVERLOAD PROTECTION,1,10,,1,1,1,1,1,1,1,1,1,1,1,1,1,1,1,1,1,1
360,1153,L1-02,MOTOR OVERLOAD PROTECTION TIME,10,10,min,10,10,10,10,10,10,10,10,10,10,10,10,10,10,10,10,10,10
361,1154,L1-03,MOTOR OVERHEAT ALARM OPERATION SELECTION,1,10,,3,3,3,3,3,3,3,3,3,3,3,3,3,3,3,3,3,3
362,1155,L1-04,MOTOR OVERHEAT FAULT OPERATION SELECTION,1,10,,1,1,1,1,1,1,1,1,1,1,1,1,1,1,1,1,1,1
363,1156,L1-05,MOTOR TEMPERATURE INPUT FILTER TIME,100,10,s,20,20,20,20,20,20,20,20,20,20,20,20,20,20,20,20,20,20
364,1133,L1-13,ELECTROTHERMAL OPERATION SELECTION,1,10,,1,1,1,1,1,1,1,1,1,1,1,1,1,1,1,1,1,1
365,1896,L1-22,LEAKAGE CURRENT FILTER TIME CONSTANT 1,10,10,s,0,0,0,0,0,0,0,0,0,0,0,0,0,0,0,0,0,0
366,1897,L1-23,LEAKAGE CURRENT FILTER TIME CONSTANT 2,10,10,s,0,0,0,0,0,0,0,0,0,0,0,0,0,0,0,0,0,0
367,1157,L2-01,MOMENTARY POWER LOSS DETECTION,1,10,,0,0,0,0,0,0,0,0,0,0,0,0,0,0,0,0,0,0
368,1158,L2-02,MOMENTARY POWER LOSS RIDETHRU TIME,10,10,s,2,2,2,2,3,3,3,3,10,10,5,5,10,10,8,8,1,1
369,1159,L2-03,MIN. BASEBLOCK TIME,10,10,s,4,3,4,3,5,4,5,4,7,6,7,6,8,7,8,7,3,2
370,1160,L2-04,VOLTAGE RECOVERY TIME,10,10,s,3,3,3,3,3,3,3,3,3,3,3,3,3,3,3,3,3,3
371,1161,L2-05,UNDERVOLTAGE DETECTION LEVEL,1,10,V,190,190,380,380,190,190,380,380,190,190,380,380,190,190,380,380,190,190
372,1162,L2-06,KEB DECELERATION TIME,10,10,s,0,0,0,0,0,0,0,0,0,0,0,0,0,0,0,0,0,0
373,1163,L2-07,KEB ACCELERATION TIME,10,10,s,0,0,0,0,0,0,0,0,0,0,0,0,0,0,0,0,0,0
374,1164,L2-08,KEB START OUTPUT FREQUENCY REDUCTION,1,10,%,100,100,100,100,100,100,100,100,100,100,100,100,100,100,100,100,100,100
375,1121,L2-11,DESIRED DC BUS VOLTAGE DURING KEB,1,10,V,240,240,480,480,240,240,480,480,240,240,480,480,240,240,480,480,240,240
376,1167,L3-01,STALL PREVENTION ACCELERATION SELECTION,1,10,,1,1,1,1,1,1,1,1,1,1,1,1,1,1,1,1,1,1
377,1168,L3-02,STALL PREVENTION ACCELERATION LEVEL,1,10,%,120,150,120,150,120,150,120,150,120,150,120,150,120,150,120,150,120,150
378,1169,L3-03,STALL PREVENTION LIMIT DURING ACCELERATION,1,10,%,50,50,50,50,50,50,50,50,50,50,50,50,50,50,50,50,50,50
379,1170,L3-04,STALL PREVENTION DECELERATION SELECTION,1,10,,1,1,1,1,1,1,1,1,1,1,1,1,1,1,1,1,1,1
380,1171,L3-05,STALL PREVENTION RUNNING SELECTION,1,10,,1,1,1,1,1,1,1,1,1,1,1,1,1,1,1,1,1,1
381,1172,L3-06,STALL PREVENTION RUNNING LEVEL,1,10,%,120,150,120,150,120,150,120,150,120,150,120,150,120,150,120,150,120,150
382,1223,L3-11,OV SUPPRESSION FUNCTION SELECTION,1,10,,0,0,0,0,0,0,0,0,0,0,0,0,0,0,0,0,0,0
383,1122,L3-17,"OV SUPPRESSION, DECEL STALL, AND BUS VOLTAGE DURING STALL",1,10,V,370,370,740,740,370,370,740,740,370,370,740,740,370,370,740,740,370,370
384,1125,L3-20,ADJUSTMENT GAIN,100,10,,100,100,100,100,100,100,100,100,100,100,100,100,100,100,100,100,100,100
385,1126,L3-21,DECELERATION RATE OPERATION GAIN,100,10,,100,100,100,100,100,100,100,100,100,100,100,100,100,100,100,100,100,100
386,1273,L3-22,DECELERATION TIME AT STALL PREVENTION DURING ACCELERATION,1,10,,0,0,0,0,0,0,0,0,0,0,0,0,0,0,0,0,0,0
387,1277,L3-23,STALLP RUNNING LEVEL OUTPUT AUTO REDUCTION,1,10,,0,0,0,0,0,0,0,0,0,0,0,0,0,0,0,0,0,0
388,1134,L3-24,INERTIA CONVERSION MOTOR ACCELERATION TIME,1000,10,s,142,142,166,142,145,166,145,166,168,154,168,154,175,168,175,168,142,178
389,1135,L3-25,LOAD INERTIA P,10,10,,10,10,10,10,10,10,10,10,10,10,10,10,10,10,10,10,10,10
390,1177,L4-01,SPEED AGREEMENT LEVEL,10,10,Hz,0,0,0,0,0,0,0,0,0,0,0,0,0,0,0,0,0,0
391,1178,L4-02,SPEED AGREEMENT WIDTH,10,10,Hz,20,20,20,20,20,20,20,20,20,20,20,20,20,20,20,20,20,20
392,1179,L4-03,SPEED AGREEMENT LEVEL +-,10,10,Hz,0,0,0,0,0,0,0,0,0,0,0,0,0,0,0,0,0,0
393,1180,L4-04,SPEED AGREEMENT WIDTH +-,10,10,Hz,20,20,20,20,20,20,20,20,20,20,20,20,20,20,20,20,20,20
394,1181,L4-05,REFERENCE LOSS SELECTION,1,10,,0,0,0,0,0,0,0,0,0,0,0,0,0,0,0,0,0,0
395,1218,L4-06,FREQUENCY REFERENCE AT FLOSS,10,10,%,800,800,800,800,800,800,800,800,800,800,800,800,800,800,800,800,800,800
396,1136,L4-07,CONDITIONS OF FREQUENCY DETECTION,1,10,,0,0,0,0,0,0,0,0,0,0,0,0,0,0,0,0,0,0
397,1151,L4-08,SPEED AGREEMENT DETECTION CONDITIONS,1,10,,0,0,0,0,0,0,0,0,0,0,0,0,0,0,0,0,0,0
398,1182,L5-01,NUMBER OF AUTO RESTART ATTEMPTS,1,10,,0,0,0,0,0,0,0,0,0,0,0,0,0,0,0,0,0,0
399,1183,L5-02,AUTO RESTART OPERATION SELECTION,1,10,,0,0,0,0,0,0,0,0,0,0,0,0,0,0,0,0,0,0
400,1132,L5-04,FAULT RESET INTERVAL TIME,10,10,s,100,100,100,100,100,100,100,100,100,100,100,100,100,100,100,100,100,100
401,1127,L5-05,AUTO RESTART SELECTION,1,10,,0,0,0,0,0,0,0,0,0,0,0,0,0,0,0,0,0,0
402,1185,L6-01,TORQUE DETECTION SELECTION 1,1,10,,0,0,0,0,0,0,0,0,0,0,0,0,0,0,0,0,0,0
403,1186,L6-02,TORQUE DETECTION LEVEL 1,1,10,%,150,150,150,150,150,150,150,150,150,150,150,150,150,150,150,150,150,150
404,1187,L6-03,TORQUE DETECTION TIME 1,10,10,s,1,1,1,1,1,1,1,1,1,1,1,1,1,1,1,1,1,1
405,1188,L6-04,TORQUE DETECTION SELECTION 2,1,10,,0,0,0,0,0,0,0,0,0,0,0,0,0,0,0,0,0,0
406,1189,L6-05,TORQUE DETECTION LEVEL 2,1,10,%,150,150,150,150,150,150,150,150,150,150,150,150,150,150,150,150,150,150
407,1190,L6-06,TORQUE DETECTION TIME 2,10,10,s,1,1,1,1,1,1,1,1,1,1,1,1,1,1,1,1,1,1
408,1128,L6-08,MACHINE DEGRADATION DETECTION SELECTION,1,10,,0,0,0,0,0,0,0,0,0,0,0,0,0,0,0,0,0,0
409,1129,L6-09,MACHINE DEGRADATION DETECTION SPEED LEVEL,10,10,%,1100,1100,1100,1100,1100,1100,1100,1100,1100,1100,1100,1100,1100,1100,1100,1100,1100,1100
410,1130,L6-10,MACHINE DEGRADATION DETECTION TIME,10,10,s,1,1,1,1,1,1,1,1,1,1,1,1,1,1,1,1,1,1
411,1131,L6-11,MACHINE DEGRADATION DETECTION START TIME,1,10,,0,0,0,0,0,0,0,0,0,0,0,0,0,0,0,0,0,0
412,1191,L7-01,FORWARD TORQUE LIMIT,1,10,%,200,200,200,200,200,200,200,200,200,200,200,200,200,200,200,200,200,200
413,1192,L7-02,REVERSE TORQUE LIMIT,1,10,%,200,200,200,200,200,200,200,200,200,200,200,200,200,200,200,200,200,200
414,1193,L7-03,FORWARD REGENERATIVE TORQUE LIMIT,1,10,%,200,200,200,200,200,200,200,200,200,200,200,200,200,200,200,200,200,200
415,1194,L7-04,REVERSE REGENERATIVE TORQUE LIMIT,1,10,%,200,200,200,200,200,200,200,200,200,200,200,200,200,200,200,200,200,200
416,1196,L7-06,TORQUE LIMIT INTEGRAL TIME CONSTANT,1,10,ms,200,200,200,200,200,200,200,200,200,200,200,200,200,200,200,200,200,200
417,1225,L7-07,TORQUE LIMIT CONTROL METHOD SELECTION DURING ACCEL/DECEL,1,10,,0,0,0,0,0,0,0,0,0,0,0,0,0,0,0,0,0,0
418,1197,L8-01,DB RESISTOR PROTECT,1,10,,0,0,0,0,0,0,0,0,0,0,0,0,0,0,0,0,0,0
419,1198,L8-02,OVERHEAT PRE-ALARM LEVEL,1,10,°C,100,100,110,110,100,100,90,90,110,110,100,100,115,115,110,110,115,115
420,1199,L8-03,OVERHEAT PRE-ALARM SELECTION,1,10,,3,3,3,3,3,3,3,3,3,3,3,3,3,3,3,3,3,3
421,1201,L8-05,PHASE LOSS INPUT SELECTION,1,10,,1,1,1,1,1,1,1,1,1,1,1,1,1,1,1,1,1,1
422,1203,L8-07,PHASE LOSS OUTPUT SELECTION,1,10,,1,1,1,1,1,1,1,1,1,1,1,1,1,1,1,1,1,1
423,1205,L8-09,GROUND PROTECTION SELECTION,1,10,,0,0,0,0,0,0,0,0,0,0,0,0,1,1,1,1,0,0
424,1206,L8-10,COOLING FAN CONTROL SELECTION,1,10,,0,0,0,0,0,0,0,0,0,0,0,0,0,0,0,0,0,0
425,1207,L8-11,COOLING FAN CONTROL DELAY TIME,1,10,s,60,60,60,60,60,60,60,60,60,60,60,60,60,60,60,60,60,60
426,1208,L8-12,AMBIENT TEMPERATURE,1,10,°C,40,40,40,40,40,40,40,40,40,40,40,40,40,40,40,40,40,40
427,1211,L8-15,OL CHARACTERISTICS AT LOW SPEEDS,1,10,,1,1,1,1,1,1,1,1,1,1,1,1,1,1,1,1,1,1
428,1214,L8-18,SOFTWARE CLA SELECTION,1,10,,1,1,1,1,1,1,1,1,1,1,1,1,1,1,1,1,1,1
429,1215,L8-19,"FREQUENCY REDUCTION RATE DURING OH
PRE-ALARM",10,10,,8,8,8,8,8,8,8,8,8,8,8,8,8,8,8,8,8,8
430,1247,L8-29,CURRENT UNABALANCE DETECTION,1,10,,1,1,1,1,1,1,1,1,1,1,1,1,1,1,1,1,1,1
431,1260,L8-35,INSTALLATION METHOD SELECTION,1,10,,2,2,0,2,0,2,0,2,0,2,2,2,0,2,0,2,0,2
432,1263,L8-38,CARRIER FREQUENCY DECEL SELECTION,1,10,,1,1,1,1,1,1,1,1,1,1,1,1,2,2,2,2,1,1
433,1265,L8-40,REDUCTION CARRIER FREQUENCY TIME,100,10,s,50,50,50,50,50,50,50,50,50,50,50,50,50,50,50,50,50,50
434,1266,L8-41,CURRENT WARNING,1,10,,0,0,0,0,0,0,0,0,0,0,0,0,0,0,0,0,0,0
435,1137,L8-51,STO FAULT DETECTION LEVEL,1,10,%,0,0,0,0,0,0,0,0,0,0,0,0,0,0,0,0,0,0
436,1140,L8-54,STO DEVIATION DETECTION,1,10,,1,1,1,1,1,1,1,1,1,1,1,1,1,1,1,1,1,1
437,1408,N1-01,HUNTING-PREVENTION SELECTION,1,10,,1,1,1,1,1,1,1,1,1,1,1,1,1,1,1,1,1,1
438,1409,N1-02,HUNTING-PREVENTION GAIN,100,10,,100,100,100,100,100,100,100,100,100,100,100,100,100,100,100,100,100,100
439,1410,N1-03,HUNTING-PREVENTION TIME,1,10,ms,10,10,10,10,10,10,10,10,10,10,10,10,10,10,10,10,10,10
440,1328,N1-05,REVERSE HUNTING PREV GAIN,100,10,,0,0,0,0,0,0,0,0,0,0,0,0,0,0,0,0,0,0
441,1412,N2-01,AFR GAIN,1,10,,100,100,100,100,100,100,100,100,100,100,100,100,150,150,150,150,100,100
442,1413,N2-02,AFR TIME CONSTANT,1,10,ms,50,50,50,50,50,50,50,50,50,50,50,50,50,50,50,50,50,50
443,1414,N2-03,AFR TIME CONSTANT 2,1,10,ms,750,750,750,750,750,750,750,750,750,750,750,750,750,750,750,750,750,750
444,1416,N3-01,HSB DECELERATION FREQUENCY WIDTH,1,10,%,5,5,5,5,5,5,5,5,5,5,5,5,5,5,5,5,5,5
445,1417,N3-02,HSB CURRENT,1,10,%,150,150,150,150,150,150,150,150,150,150,150,150,150,150,150,150,150,150
446,1418,N3-03,HSB DWELL TIME,10,10,s,10,10,10,10,10,10,10,10,10,10,10,10,10,10,10,10,10,10
447,1419,N3-04,HSB OL TIME,1,10,s,40,40,40,40,40,40,40,40,40,40,40,40,40,40,40,40,40,40
448,1329,N3-13,OVER EXCITING DECELERATION GAIN,100,10,,110,110,110,110,110,110,110,110,110,110,110,110,110,110,110,110,110,110
449,1401,N3-21,OVER SLIP INHIBIT CURRENT LEVEL,1,10,%,100,100,100,100,100,100,100,100,100,100,100,100,100,100,100,100,100,100
450,1403,N3-23,OVER EXCITATION RUN,1,10,,0,0,0,0,0,0,0,0,0,0,0,0,0,0,0,0,0,0
451,1392,N6-01,LINE-TO-LINE MOTOR RESISTANCE ONLINE TUNING,1,10,,1,1,1,1,1,1,1,1,1,1,1,1,1,1,1,1,1,1
452,1336,N8-45,SPEED FEEDBACK DETECTION CONTORL GAIN,1,10,,80,80,80,80,80,80,80,80,80,80,80,80,80,80,80,80,80,80
453,1338,N8-47,PULL-IN CURRENT COMPENSATION TIME CONSTANT,1,10,s,50,50,50,50,50,50,50,50,50,50,50,50,50,50,50,50,50,50
454,1339,N8-48,PULL-IN CURRENT COMPENSATION TIME CONSTANT,1,10,%,30,30,30,30,30,30,30,30,30,30,30,30,30,30,30,30,30,30
455,1340,N8-49,D-AXIS CURRENT FOR HIGH EFFICIENCY CONTROL,1,10,%,0,0,0,0,0,0,0,0,0,0,0,0,0,0,0,0,0,0
456,1342,N8-51,ACCELERATION PULL-IN CURRENT,1,10,%,50,50,50,50,50,50,50,50,50,50,50,50,50,50,50,50,50,50
457,1389,N8-54,VOLTAGE ERROR COMPENSATION TIME CONSTANT,1,10,s,100,100,100,100,100,100,100,100,100,100,100,100,100,100,100,100,100,100
458,1390,N8-55,LOAD INERTIA,1,10,,0,0,0,0,0,0,0,0,0,0,0,0,0,0,0,0,0,0
459,1405,N8-62,OUTPUT VOLTAGE HIGH LIMIT,1,10,VAC,2000,2000,4000,4000,2000,2000,4000,4000,2000,2000,4000,4000,2000,2000,4000,4000,2000,2000
460,1406,N8-63,OUTPUT VOLTAGE LIMIT GAIN,1,10,,100,100,100,100,100,100,100,100,100,100,100,100,100,100,100,100,100,100
461,1628,N8-65,SPEED FEEDBACK DETECTION CONTROL GAIN DURING OV SUPPRESSION,1,10,,150,150,150,150,150,150,150,150,150,150,150,150,150,150,150,150,150,150
462,567,N8-68,OUTPUT VOLTAGE LIMIT GAIN 2,1,10,,95,95,95,95,95,95,95,95,95,95,95,95,95,95,95,95,0,0
463,700,N8-87,OUTPUT VOLTAGE LIMIT SELECTION,1,10,,0,0,0,0,0,0,0,0,0,0,0,0,0,0,0,0,0,0
464,701,N8-88,OUTPUT VOLTAGE LIMIT SWITCHING CURRENT LEVEL,1,10,%,400,400,400,400,400,400,400,400,400,400,400,400,400,400,400,400,0,0
465,702,N8-89,OUTPUT VOLTAGE LIMIT SWITCHING CURRENT HYSTERESIS WIDTH,1,10,%,3,3,3,3,3,3,3,3,3,3,3,3,3,3,3,3,0,0
466,703,N8-90,OUTPUT VOLTAGE LIMIT SWITCHING SPEED,1,10,%,200,200,200,200,200,200,200,200,200,200,200,200,200,200,200,200,0,0
467,759,N8-91,ID LIMIT FOR OUTPUT VOLTAGE LIMIT CONTROL,1,10,%,65486,65486,65486,65486,65486,65486,65486,65486,65486,65486,65486,65486,65486,65486,65486,65486,0,0
468,1280,O1-01,MONITOR SELECTION,1,10,,106,106,106,106,106,106,106,106,106,106,106,106,106,106,106,106,106,106
469,1281,O1-02,MONITOR SELECTION AFTER POWER UP,1,10,,1,1,1,1,1,1,1,1,1,1,1,1,1,1,1,1,1,1
470,1282,O1-03,DISPLAY SCALING,1,10,,0,0,0,0,0,0,0,0,0,0,0,0,0,0,0,0,0,0
471,1284,O1-05,LCD CONTRAST,1,10,,3,3,3,3,3,3,3,3,3,3,3,3,3,3,3,3,3,3
472,1313,O1-11,FREQUENCY REFERENCE SETTING / DECIMAL DISPLAY,1,10,,2,2,2,2,2,2,2,2,2,2,2,2,2,2,2,2,2,2
473,1285,O2-01,LOCAL/REMOTE KEY ENABLE/DISABLE,1,10,,1,1,1,1,1,1,1,1,1,1,1,1,1,1,1,1,1,1
474,1286,O2-02,OPERATION STOP KEY,1,10,,1,1,1,1,1,1,1,1,1,1,1,1,1,1,1,1,1,1
475,1287,O2-03,USER PARAMETER DEFAULT VALUE,1,10,,0,0,0,0,0,0,0,0,0,0,0,0,0,0,0,0,0,0
476,1288,O2-04,KVA SELECTION,1,10,,99,99,147,147,101,101,148,148,104,104,151,151,106,106,153,153,98,98
477,1289,O2-05,"FREQUENCY REFERENCE SETTING METHOD
SELECTION",1,10,,0,0,0,0,0,0,0,0,0,0,0,0,0,0,0,0,0,0
478,1290,O2-06,OPERATOR DETECTION,1,10,,0,0,0,0,0,0,0,0,0,0,0,0,0,0,0,0,0,0
479,1319,O2-07,BIDIRECTIONAL WHEN THE  INVERTER  POWER IS ON,1,10,,0,0,0,0,0,0,0,0,0,0,0,0,0,0,0,0,0,0
480,1301,O3-01,COPY FUNCTOIN SELECTION,1,10,,0,0,0,0,0,0,0,0,0,0,0,0,0,0,0,0,0,0
481,1302,O3-02,COPY ALLOWED SELECTION,1,10,,0,0,0,0,0,0,0,0,0,0,0,0,0,0,0,0,0,0
482,1291,O4-01,ACCUMULATED OPERATION TIME SETTING,1,10,,0,0,0,0,0,0,0,0,0,0,0,0,0,0,0,0,0,0
483,1292,O4-02,ACCUMULATED OPERATION TIME SELECTION,1,10,,0,0,0,0,0,0,0,0,0,0,0,0,0,0,0,0,0,0
484,1294,O4-03,COOLING FAN OPERATION TIME SETTING,1,10,,0,0,0,0,0,0,0,0,0,0,0,0,0,0,0,0,0,0
485,1309,O4-05,CAPACITOR MAINTENANCE SETTING,1,10,%,0,0,0,0,0,0,0,0,0,0,0,0,0,0,0,0,0,0
486,1315,O4-07,DC BUS PRE-CHARGE RELAY MAINTENANCE SETTING,1,10,%,0,0,0,0,0,0,0,0,0,0,0,0,0,0,0,0,0,0
487,1317,O4-09,IGBT MAINTENANCE SETTING,1,10,%,0,0,0,0,0,0,0,0,0,0,0,0,0,0,0,0,0,0
488,1296,O4-11,"U2, U3 INITIALIZATION",1,10,,0,0,0,0,0,0,0,0,0,0,0,0,0,0,0,0,0,0
489,1298,O4-12,KWH MONITOR INITIALIZATION,1,10,,0,0,0,0,0,0,0,0,0,0,0,0,0,0,0,0,0,0
490,1320,O4-13,NUMBER OF RUN COMMANDS INITIALIZE SELECTION,1,10,,0,0,0,0,0,0,0,0,0,0,0,0,0,0,0,0,0,0
491,5632,Q1-01,CUSTOM PARAMETER 1,100,10,%,0,0,0,0,0,0,0,0,0,0,0,0,0,0,0,0,0,0
492,5633,Q1-02,CUSTOM PARAMETER 2,100,10,%,0,0,0,0,0,0,0,0,0,0,0,0,0,0,0,0,0,0
493,5634,Q1-03,CUSTOM PARAMETER 3,100,10,%,0,0,0,0,0,0,0,0,0,0,0,0,0,0,0,0,0,0
494,5635,Q1-04,CUSTOM PARAMETER 4,100,10,%,0,0,0,0,0,0,0,0,0,0,0,0,0,0,0,0,0,0
495,5636,Q1-05,CUSTOM PARAMETER 5,100,10,%,0,0,0,0,0,0,0,0,0,0,0,0,0,0,0,0,0,0
496,5637,Q1-06,CUSTOM PARAMETER 6,100,10,%,0,0,0,0,0,0,0,0,0,0,0,0,0,0,0,0,0,0
497,5638,Q1-07,CUSTOM PARAMETER 7,10,10,%,0,0,0,0,0,0,0,0,0,0,0,0,0,0,0,0,0,0
498,5639,Q1-08,CUSTOM PARAMETER 8,10,10,%,0,0,0,0,0,0,0,0,0,0,0,0,0,0,0,0,0,0
499,5640,Q1-09,CUSTOM PARAMETER 9,10,10,%,0,0,0,0,0,0,0,0,0,0,0,0,0,0,0,0,0,0
500,5641,Q1-10,CUSTOM PARAMETER 10,1,10,,0,0,0,0,0,0,0,0,0,0,0,0,0,0,0,0,0,0
501,5706,Q2-11,DRIVE U1 MONITOR SELECT 1,1,10,,0,0,0,0,0,0,0,0,0,0,0,0,0,0,0,0,0,0
502,5707,Q2-12,DRIVE U1 MONITOR SELECT 2,1,10,,0,0,0,0,0,0,0,0,0,0,0,0,0,0,0,0,0,0
503,5760,Q3-01,TIMER #1 DELAY,10,10,s,0,0,0,0,0,0,0,0,0,0,0,0,0,0,0,0,0,0
504,5761,Q3-02,TIMER #2 DELAY,10,10,s,0,0,0,0,0,0,0,0,0,0,0,0,0,0,0,0,0,0
505,5762,Q3-03,TIMER #3 DELAY,10,10,s,0,0,0,0,0,0,0,0,0,0,0,0,0,0,0,0,0,0
506,5763,Q3-04,1 SHOT ON TIME,10,10,s,0,0,0,0,0,0,0,0,0,0,0,0,0,0,0,0,0,0
507,5764,Q3-05,INTERVAL TIMER OFF TIME,10,10,s,0,0,0,0,0,0,0,0,0,0,0,0,0,0,0,0,0,0
508,5765,Q3-06,INTERVAL TIMER ON TIME,10,10,s,0,0,0,0,0,0,0,0,0,0,0,0,0,0,0,0,0,0
509,5824,Q4-01,RAMP TIME,10,10,s,0,0,0,0,0,0,0,0,0,0,0,0,0,0,0,0,0,0
510,5825,Q4-02,DELAY FILTER TIME,10,10,s,5,5,5,5,5,5,5,5,5,5,5,5,5,5,5,5,5,5
511,5826,Q4-03,SCALE #1 MULTIPLIER,1,10,,1,1,1,1,1,1,1,1,1,1,1,1,1,1,1,1,1,1
512,5827,Q4-04,SCALE #1 DIVISOR,1,10,,1,1,1,1,1,1,1,1,1,1,1,1,1,1,1,1,1,1
513,5828,Q4-05,SCALE #1 BIAS,100,10,,0,0,0,0,0,0,0,0,0,0,0,0,0,0,0,0,0,0
514,5829,Q4-06,UPPER LIMIT 1,100,10,%,0,0,0,0,0,0,0,0,0,0,0,0,0,0,0,0,0,0
515,5830,Q4-07,LOWER LIMIT 1,100,10,%,0,0,0,0,0,0,0,0,0,0,0,0,0,0,0,0,0,0
516,5831,Q4-08,UPPER LIMIT 2,100,10,%,0,0,0,0,0,0,0,0,0,0,0,0,0,0,0,0,0,0
517,5832,Q4-09,LOWER LIMIT 2,100,10,%,0,0,0,0,0,0,0,0,0,0,0,0,0,0,0,0,0,0
518,5833,Q4-10,DEAD ZONE,100,10,%,0,0,0,0,0,0,0,0,0,0,0,0,0,0,0,0,0,0
519,5834,Q4-11,LIMIT/DEAD ZONE PROPERTIES,1,10,,0,0,0,0,0,0,0,0,0,0,0,0,0,0,0,0,0,0
520,5835,Q4-12,SCALE #2 MULTIPLIER,1,10,,1,1,1,1,1,1,1,1,1,1,1,1,1,1,1,1,1,1
521,5836,Q4-13,SCALE #2 DIVISOR,1,10,,1,1,1,1,1,1,1,1,1,1,1,1,1,1,1,1,1,1
522,5837,Q4-14,SCALE #2 BIAS,100,10,,0,0,0,0,0,0,0,0,0,0,0,0,0,0,0,0,0,0
523,5888,Q5-01,MOP TIME,10,10,%,0,0,0,0,0,0,0,0,0,0,0,0,0,0,0,0,0,0
524,5889,Q5-02,MOP MIN VALUE,10,10,%,0,0,0,0,0,0,0,0,0,0,0,0,0,0,0,0,0,0
525,5890,Q5-03,MOP MAX VALUE,10,10,%,0,0,0,0,0,0,0,0,0,0,0,0,0,0,0,0,0,0
526,5891,Q5-04,MOP RESET VALUE,10,10,%,0,0,0,0,0,0,0,0,0,0,0,0,0,0,0,0,0,0
527,5892,Q5-05,STEP MOP AMOUNT,10,10,%,0,0,0,0,0,0,0,0,0,0,0,0,0,0,0,0,0,0
528,5893,Q5-06,STEP MOP MIN VALUE,10,10,%,0,0,0,0,0,0,0,0,0,0,0,0,0,0,0,0,0,0
529,5894,Q5-07,STEP MOP MAX VALUE,10,10,%,0,0,0,0,0,0,0,0,0,0,0,0,0,0,0,0,0,0
530,5895,Q5-08,STEP MOP RESET VALUE,10,10,%,0,0,0,0,0,0,0,0,0,0,0,0,0,0,0,0,0,0
531,5896,Q5-09,COMPARE <= HYSTERESIS LEVEL,100,10,%,0,0,0,0,0,0,0,0,0,0,0,0,0,0,0,0,0,0
532,5897,Q5-10,COMPARE = BANDWIDTH,100,10,%,0,0,0,0,0,0,0,0,0,0,0,0,0,0,0,0,0,0
533,5898,Q5-11,COMPARE >= HYSTERESIS LEVEL,100,10,%,0,0,0,0,0,0,0,0,0,0,0,0,0,0,0,0,0,0
534,5952,Q6-01,PI PROPERTIES,1,10,,0,0,0,0,0,0,0,0,0,0,0,0,0,0,0,0,0,0
535,5953,Q6-02,PI LOG INPUT SEL,1,10,,16,16,16,16,16,16,16,16,16,16,16,16,16,16,16,16,16,16
536,5954,Q6-03,PI PROP GAIN,100,10,,100,100,100,100,100,100,100,100,100,100,100,100,100,100,100,100,100,100
537,5955,Q6-04,PI INT TIME,10,10,s,10,10,10,10,10,10,10,10,10,10,10,10,10,10,10,10,10,10
538,5956,Q6-05,PI INT LIMIT,10,10,%,1000,1000,1000,1000,1000,1000,1000,1000,1000,1000,1000,1000,1000,1000,1000,1000,1000,1000
539,5957,Q6-06,PI LIMIT,10,10,%,1000,1000,1000,1000,1000,1000,1000,1000,1000,1000,1000,1000,1000,1000,1000,1000,1000,1000
540,5958,Q6-07,PI OUTPUT GAIN,100,10,,100,100,100,100,100,100,100,100,100,100,100,100,100,100,100,100,100,100
541,6208,R1-01,PARAMETER 1 FOR CONNECTING DRIVEWORKSEZ (UPPER),1,16,,321,321,321,321,321,321,321,321,321,321,321,321,321,321,321,321,321,321
542,6209,R1-02,PARAMETER 1 FOR CONNECTING DRIVEWORKSEZ (LOWER),1,16,,113,113,113,113,113,113,113,113,113,113,113,113,113,113,113,113,113,113
543,6210,R1-03,PARAMETER 2 FOR CONNECTING DRIVEWORKSEZ (UPPER),1,16,,43,43,43,43,43,43,43,43,43,43,43,43,43,43,43,43,43,43
544,6211,R1-04,PARAMETER 2 FOR CONNECTING DRIVEWORKSEZ (LOWER),1,16,,114,114,114,114,114,114,114,114,114,114,114,114,114,114,114,114,114,114
545,6212,R1-05,PARAMETER 3 FOR CONNECTING DRIVEWORKSEZ (UPPER),1,16,,115,115,115,115,115,115,115,115,115,115,115,115,115,115,115,115,115,115
546,6213,R1-06,PARAMETER 3 FOR CONNECTING DRIVEWORKSEZ (LOWER),1,16,,224,224,224,224,224,224,224,224,224,224,224,224,224,224,224,224,224,224
547,6214,R1-07,PARAMETER 4 FOR CONNECTING DRIVEWORKSEZ (UPPER),1,16,,322,322,322,322,322,322,322,322,322,322,322,322,322,322,322,322,322,322
548,6215,R1-08,PARAMETER 4 FOR CONNECTING DRIVEWORKSEZ (LOWER),1,16,,113,113,113,113,113,113,113,113,113,113,113,113,113,113,113,113,113,113
549,6216,R1-09,PARAMETER 5 FOR CONNECTING DRIVEWORKSEZ (UPPER),1,16,,43,43,43,43,43,43,43,43,43,43,43,43,43,43,43,43,43,43
550,6217,R1-10,PARAMETER 5 FOR CONNECTING DRIVEWORKSEZ (LOWER),1,16,,114,114,114,114,114,114,114,114,114,114,114,114,114,114,114,114,114,114
551,6218,R1-11,PARAMETER 6 FOR CONNECTING DRIVEWORKSEZ (UPPER),1,16,,115,115,115,115,115,115,115,115,115,115,115,115,115,115,115,115,115,115
552,6219,R1-12,PARAMETER 6 FOR CONNECTING DRIVEWORKSEZ (LOWER),1,16,,225,225,225,225,225,225,225,225,225,225,225,225,225,225,225,225,225,225
553,6220,R1-13,PARAMETER 7 FOR CONNECTING DRIVEWORKSEZ (UPPER),1,16,,321,321,321,321,321,321,321,321,321,321,321,321,321,321,321,321,321,321
554,6221,R1-14,PARAMETER 7 FOR CONNECTING DRIVEWORKSEZ (LOWER),1,16,,392,392,392,392,392,392,392,392,392,392,392,392,392,392,392,392,392,392
555,6222,R1-15,PARAMETER 8 FOR CONNECTING DRIVEWORKSEZ (UPPER),1,16,,393,393,393,393,393,393,393,393,393,393,393,393,393,393,393,393,393,393
556,6223,R1-16,PARAMETER 8 FOR CONNECTING DRIVEWORKSEZ (LOWER),1,16,,113,113,113,113,113,113,113,113,113,113,113,113,113,113,113,113,113,113
557,6224,R1-17,PARAMETER 9 FOR CONNECTING DRIVEWORKSEZ (UPPER),1,16,,322,322,322,322,322,322,322,322,322,322,322,322,322,322,322,322,322,322
558,6225,R1-18,PARAMETER 9 FOR CONNECTING DRIVEWORKSEZ (LOWER),1,16,,392,392,392,392,392,392,392,392,392,392,392,392,392,392,392,392,392,392
559,6226,R1-19,PARAMETER 10 FOR CONNECTING DRIVEWORKSEZ (UPPER),1,16,,393,393,393,393,393,393,393,393,393,393,393,393,393,393,393,393,393,393
560,6227,R1-20,PARAMETER 10 FOR CONNECTING DRIVEWORKSEZ (LOWER),1,16,,114,114,114,114,114,114,114,114,114,114,114,114,114,114,114,114,114,114
561,6228,R1-21,PARAMETER 11 FOR CONNECTING DRIVEWORKSEZ (UPPER),1,16,,115,115,115,115,115,115,115,115,115,115,115,115,115,115,115,115,115,115
562,6229,R1-22,PARAMETER 11 FOR CONNECTING DRIVEWORKSEZ (LOWER),1,16,,113,113,113,113,113,113,113,113,113,113,113,113,113,113,113,113,113,113
563,6230,R1-23,PARAMETER 12 FOR CONNECTING DRIVEWORKSEZ (UPPER),1,16,,47,47,47,47,47,47,47,47,47,47,47,47,47,47,47,47,47,47
564,6231,R1-24,PARAMETER 12 FOR CONNECTING DRIVEWORKSEZ (LOWER),1,16,,114,114,114,114,114,114,114,114,114,114,114,114,114,114,114,114,114,114
565,6232,R1-25,PARAMETER 13 FOR CONNECTING DRIVEWORKSEZ (UPPER),1,16,,115,115,115,115,115,115,115,115,115,115,115,115,115,115,115,115,115,115
566,6233,R1-26,PARAMETER 13 FOR CONNECTING DRIVEWORKSEZ (LOWER),1,16,,114,114,114,114,114,114,114,114,114,114,114,114,114,114,114,114,114,114
567,6234,R1-27,PARAMETER 14 FOR CONNECTING DRIVEWORKSEZ (UPPER),1,16,,26,26,26,26,26,26,26,26,26,26,26,26,26,26,26,26,26,26
568,6235,R1-28,PARAMETER 14 FOR CONNECTING DRIVEWORKSEZ (LOWER),1,16,,392,392,392,392,392,392,392,392,392,392,392,392,392,392,392,392,392,392
569,6236,R1-29,PARAMETER 15 FOR CONNECTING DRIVEWORKSEZ (UPPER),1,16,,393,393,393,393,393,393,393,393,393,393,393,393,393,393,393,393,393,393
570,6237,R1-30,PARAMETER 15 FOR CONNECTING DRIVEWORKSEZ (LOWER),1,16,,113,113,113,113,113,113,113,113,113,113,113,113,113,113,113,113,113,113
571,6238,R1-31,PARAMETER 16 FOR CONNECTING DRIVEWORKSEZ (UPPER),1,16,,115,115,115,115,115,115,115,115,115,115,115,115,115,115,115,115,115,115
572,6239,R1-32,PARAMETER 16 FOR CONNECTING DRIVEWORKSEZ (LOWER),1,16,,159,159,159,159,159,159,159,159,159,159,159,159,159,159,159,159,159,159
573,6240,R1-33,PARAMETER 17 FOR CONNECTING DRIVEWORKSEZ (UPPER),1,16,,162,162,162,162,162,162,162,162,162,162,162,162,162,162,162,162,162,162
574,6241,R1-34,PARAMETER 17 FOR CONNECTING DRIVEWORKSEZ (LOWER),1,16,,220,220,220,220,220,220,220,220,220,220,220,220,220,220,220,220,220,220
575,6242,R1-35,PARAMETER 18 FOR CONNECTING DRIVEWORKSEZ (UPPER),1,16,,322,322,322,322,322,322,322,322,322,322,322,322,322,322,322,322,322,322
576,6243,R1-36,PARAMETER 18 FOR CONNECTING DRIVEWORKSEZ (LOWER),1,16,,392,392,392,392,392,392,392,392,392,392,392,392,392,392,392,392,392,392
577,6244,R1-37,PARAMETER 19 FOR CONNECTING DRIVEWORKSEZ (UPPER),1,16,,393,393,393,393,393,393,393,393,393,393,393,393,393,393,393,393,393,393
578,6245,R1-38,PARAMETER 19 FOR CONNECTING DRIVEWORKSEZ (LOWER),1,16,,114,114,114,114,114,114,114,114,114,114,114,114,114,114,114,114,114,114
579,6246,R1-39,PARAMETER 20 FOR CONNECTING DRIVEWORKSEZ (UPPER),1,16,,321,321,321,321,321,321,321,321,321,321,321,321,321,321,321,321,321,321
